date,GGR,num_operators,operators_list,num_reports,total_bets,total_stake,total_payout,modal_game_type,is_missing
2024-12-30,2790238.0,1,SAH,2,101,7081448.0,4291210.0,RRI_sports,0
2024-12-31,3134493737.5379996,9,"ABA,BET,ELD,ENT,INT,MAS,RUB,SAH,TIT",11,1645245,4463697751.8,1329014114.2719998,RRI_sports,0
2025-01-01,1324484758.0830002,10,"ABA,ABE,BET,ELD,ENT,INT,MAS,RUB,SAH,TIT",13,989808,2864150884.73,1539373373.6469998,RRI_sports,0
2025-01-02,689647803.71,10,"ABA,ABE,BET,ELD,ENT,INT,MAS,RUB,SAH,TIT",13,580974,1865427529.57,1175749834.8600001,RRI_sports,0
2025-01-03,341668774.1729999,10,"ABA,ABE,BET,ELD,ENT,INT,MAS,RUB,SAH,TIT",13,542616,1882152803.04,1540380970.707,RRI_sports,0
2025-01-04,1054617044.226,9,"ABA,ABE,BET,ELD,INT,MAS,RUB,SAH,TIT",12,1980738,6354672285.97,5299793606.464,RRI_sports,0
2025-01-05,3510390985.57,10,"ABA,ABE,BET,ELD,ENT,INT,MAS,RUB,SAH,TIT",13,2094543,6458193332.240001,2947673135.4700003,RRI_sports,0
2025-01-06,648598666.8969998,10,"ABA,ABE,BET,ELD,ENT,INT,MAS,RUB,SAH,TIT",13,963741,2784358250.49,2135724767.583,RRI_sports,0
2025-01-07,61842319.75099978,10,"ABA,ABE,BET,ELD,ENT,INT,MAS,RUB,SAH,TIT",13,754783,2426184003.33,2364248832.579,RRI_sports,0
2025-01-08,737900013.0529999,10,"ABA,ABE,BET,ELD,ENT,INT,MAS,RUB,SAH,TIT",13,975805,3318074742.05,2580130226.997,RRI_sports,0
2025-01-09,1472618769.0509999,9,"ABA,ABE,BET,ELD,ENT,INT,RUB,SAH,TIT",12,879514,3116443665.23,1643770836.179,RRI_sports,0
2025-01-10,1323089343.3279998,10,"ABA,ABE,BET,ELD,ENT,INT,MAS,RUB,SAH,TIT",13,1097983,3448671516.31,2125520767.9819999,RRI_sports,0
2025-01-11,978679372.2319999,10,"ABA,ABE,BET,ELD,ENT,INT,MAS,RUB,SAH,TIT",13,1785375,6142272009.35,5162815504.118,CTG_multi,0
2025-01-12,2959945053.385999,10,"ABA,ABE,BET,ELD,ENT,INT,MAS,RUB,SAH,TIT",15,2453874,7302648180.549999,4342585127.164,RRI_other,0
2025-01-13,423607203.282,10,"ABA,ABE,BET,ELD,ENT,INT,MAS,RUB,SAH,TIT",13,887598,2792129443.95,2368485139.6679997,RRI_sports,0
2025-01-14,303209324.606,10,"ABA,ABE,BET,ELD,ENT,INT,MAS,RUB,SAH,TIT",14,867495,3086669863.9900002,2783430638.3840003,RRI_other,0
2025-01-15,1201159430.525,10,"ABA,ABE,BET,ELD,ENT,INT,MAS,RUB,SAH,TIT",13,1568109,5031229526.51,3830019845.9849997,RRI_sports,0
2025-01-16,-348267646.5410001,10,"ABA,ABE,BET,ELD,ENT,INT,MAS,RUB,SAH,TIT",13,1488843,4574390212.53,4922405120.071,RRI_sports,0
2025-01-17,1720316282.343,10,"ABA,ABE,BET,ELD,ENT,INT,MAS,RUB,SAH,TIT",13,1218808,4544428747.69,2824068722.347,RRI_sports,0
2025-01-18,1871457185.642001,10,"ABA,ABE,BET,ELD,ENT,INT,MAS,RUB,SAH,TIT",12,2028228,6792589730.120001,4921113416.478,RRI_sports,0
2025-01-19,566121645.6839993,10,"ABA,ABE,BET,ELD,ENT,INT,MAS,RUB,SAH,TIT",13,2120791,6970273356.11,6404120608.426001,RRI_sports,0
2025-01-20,50754739.672999926,10,"ABA,ABE,BET,ELD,ENT,INT,MAS,RUB,SAH,TIT",27,1232719,3891880457.71,3841094288.037,RRI_other,0
2025-01-21,-57602183.506999984,10,"ABA,ABE,BET,ELD,ENT,INT,MAS,RUB,SAH,TIT",13,970877,3737656016.2799997,3795245528.7869997,RRI_sports,0
2025-01-22,-323095335.327,10,"ABA,ABE,BET,ELD,ENT,INT,MAS,RUB,SAH,TIT",13,1415381,5114863766.46,5437955481.787001,RRI_sports,0
2025-01-23,1607240285.2289999,10,"ABA,ABE,BET,ELD,ENT,INT,MAS,RUB,SAH,TIT",13,1685370,6031303155.38,4423764205.071,RRI_sports,0
2025-01-24,2614627128.263,10,"ABA,ABE,BET,ELD,ENT,INT,MAS,RUB,SAH,TIT",13,1875115,5370045413.059999,2755380066.797,RRI_sports,0
2025-01-25,115900404.315,10,"ABA,ABE,BET,ELD,ENT,INT,MAS,RUB,SAH,TIT",13,1593016,6032443585.84,5916279248.605,RRI_sports,0
2025-01-26,1894604386.853,10,"ABA,ABE,BET,ELD,ENT,INT,MAS,RUB,SAH,TIT",13,1991931,7270806504.44,5375231430.467,RRI_sports,0
2025-01-27,2444706018.5079994,10,"ABA,ABE,BET,ELD,ENT,INT,MAS,RUB,SAH,TIT",13,1732557,4741718006.929999,2296806688.4220004,RRI_sports,0
2025-01-28,485607905.258,10,"ABA,ABE,BET,ELD,ENT,INT,MAS,RUB,SAH,TIT",13,724827,2369278051.7999997,1883048226.542,RRI_sports,0
2025-01-29,332125466.873,10,"ABA,ABE,BET,ELD,ENT,INT,MAS,RUB,SAH,TIT",13,837264,3218716132.04,2886518238.5569997,RRI_sports,0
2025-01-30,-833662812.7820004,9,"ABA,ABE,BET,ELD,ENT,INT,RUB,SAH,TIT",12,1892733,6686223760.72,7519440026.002001,RRI_sports,0
2025-01-31,1030165826.9090002,10,"ABA,ABE,BET,ELD,ENT,INT,MAS,RUB,SAH,TIT",13,1775844,6182979884.23,5152712657.320999,RRI_sports,0
2025-02-01,885972124.6599995,10,"ABA,ABE,BET,ELD,ENT,INT,MAS,RUB,SAH,TIT",13,1690047,6596017611.32,5710021217.66,RRI_sports,0
2025-02-02,4184568573.829,9,"ABA,ABE,BET,ELD,ENT,INT,RUB,SAH,TIT",12,2448956,8934756743.13,4750178461.301,RRI_sports,0
2025-02-03,956640599.456,10,"ABA,ABE,BET,ELD,ENT,INT,MAS,RUB,SAH,TIT",13,1307329,4067612673.68,3110945859.224,RRI_sports,0
2025-02-04,478282409.7869999,10,"ABA,ABE,BET,ELD,ENT,INT,MAS,RUB,SAH,TIT",13,1329526,4277152288.71,3798512519.003,RRI_sports,0
2025-02-05,1204231719.1369996,10,"ABA,ABE,BET,ELD,ENT,INT,MAS,RUB,SAH,TIT",13,937302,3625763209.41,2421521990.2730002,RRI_sports,0
2025-02-06,1493686771.0010004,10,"ABA,ABE,BET,ELD,ENT,INT,MAS,RUB,SAH,TIT",27,1259634,4857810787.3,3364075889.469,RRI_other,0
2025-02-07,361007147.697,10,"ABA,ABE,BET,ELD,ENT,INT,MAS,RUB,SAH,TIT",13,1125638,4452456370.41,4091431422.713,RRI_sports,0
2025-02-08,-830165389.8979993,10,"ABA,ABE,BET,ELD,ENT,INT,MAS,RUB,SAH,TIT",13,1823796,7370488036.9800005,8200634516.877999,RRI_sports,0
2025-02-09,2941497925.3100004,10,"ABA,ABE,BET,ELD,ENT,INT,MAS,RUB,SAH,TIT",13,2285228,7997530552.59,5055929491.28,RRI_sports,0
2025-02-10,1603468245.1640003,10,"ABA,ABE,BET,ELD,ENT,INT,MAS,RUB,SAH,TIT",13,1228895,4298980665.07,2695397418.9059997,RRI_sports,0
2025-02-11,771237304.1559997,9,"ABA,ABE,ELD,ENT,INT,MAS,RUB,SAH,TIT",12,918055,3376469808.4199996,2605133204.2640004,CTG_multi,0
2025-02-12,-804661326.9239994,10,"ABA,ABE,BET,ELD,ENT,INT,MAS,RUB,SAH,TIT",13,1586156,5759800953.900001,6564452030.823999,RRI_sports,0
2025-02-13,3045217533.282,10,"ABA,ABE,BET,ELD,ENT,INT,MAS,RUB,SAH,TIT",13,1965295,6652667088.29,3607123771.008,CTG_multi,0
2025-02-14,864576237.273,10,"ABA,ABE,BET,ELD,ENT,INT,MAS,RUB,SAH,TIT",13,1348316,4245412832.6099997,3380816887.337,RRI_sports,0
2025-02-15,1995039544.3390002,10,"ABA,ABE,BET,ELD,ENT,INT,MAS,RUB,SAH,TIT",13,1587064,6216889882.97,4221799738.631,RRI_sports,0
2025-02-16,4262796306.1810007,10,"ABA,ABE,BET,ELD,ENT,INT,MAS,RUB,SAH,TIT",13,3012874,9241940354.640001,4979119915.459,RRI_sports,0
2025-02-17,778234626.822,10,"ABA,ABE,BET,ELD,ENT,INT,MAS,RUB,SAH,TIT",13,1120759,3381019541.56,2602685702.738,RRI_sports,0
2025-02-18,635457526.0359999,10,"ABA,ABE,BET,ELD,ENT,INT,MAS,RUB,SAH,TIT",13,1125147,3741759596.12,3106264170.084,RRI_sports,0
2025-02-19,1794891437.8460004,10,"ABA,ABE,BET,ELD,ENT,INT,MAS,RUB,SAH,TIT",13,1110237,4194909973.69,2399000672.844,RRI_sports,0
2025-02-20,1501132129.91,10,"ABA,ABE,BET,ELD,ENT,INT,MAS,RUB,SAH,TIT",13,1324471,4537487368.950001,3036310127.04,RRI_sports,0
2025-02-21,1533182808.6130002,10,"ABA,ABE,BET,ELD,ENT,INT,MAS,RUB,SAH,TIT",13,1299665,4060128021.83,2526926213.217,RRI_sports,0
2025-02-22,-1711241692.931,9,"ABA,ABE,BET,ELD,ENT,INT,MAS,RUB,SAH",12,1650614,5939447453.81,7650675620.741,CTG_multi,0
2025-02-23,3433400925.3180003,10,"ABA,ABE,BET,ELD,ENT,INT,MAS,RUB,SAH,TIT",13,2704142,8638866295.380001,5205447170.061999,RRI_sports,0
2025-02-24,212461238.9349998,11,"ABA,ABE,BET,ELD,ENT,INT,MAS,RUB,SAH,SPO,TIT",14,1331580,4192871265.39,3980371176.4550004,RRI_other,0
2025-02-25,388156347.886,10,"ABA,ABE,BET,ELD,ENT,INT,MAS,RUB,SAH,SPO",13,883933,3260762565.12,2872591017.234,RRI_other,0
2025-02-26,-1379502898.6759999,10,"ABA,BET,ELD,ENT,INT,MAS,RUB,SAH,SPO,TIT",13,1368346,4976817161.54,6356236495.216,RRI_sports,0
2025-02-27,3250420667.018,12,"ABA,ABE,BET,ELD,ENT,HOM,INT,MAS,RUB,SAH,SPO,TIT",15,1925165,6608914355.23,3358392603.212,RRI_sports,0
2025-02-28,1213335038.5720005,12,"ABA,ABE,BET,ELD,ENT,HOM,INT,MAS,RUB,SAH,SPO,TIT",15,1015906,3985975103.7,2772593083.138,RRI_sports,0
2025-03-01,13231573953.987,12,"ABA,ABE,BET,ELD,ENT,HOM,INT,MAS,RUB,SAH,SPO,TIT",15,1724526,7196976291.08,-6034206402.907001,RRI_sports,0
2025-03-02,12221526286.327,12,"ABA,ABE,BET,ELD,ENT,HOM,INT,MAS,RUB,SAH,SPO,TIT",15,2138801,7661489246.37,-4560048739.957,RRI_sports,0
2025-03-03,5354917531.910001,12,"ABA,ABE,BET,ELD,ENT,HOM,INT,MAS,RUB,SAH,SPO,TIT",15,1035910,3683830914.46,-1670716877.1399999,RRI_sports,0
2025-03-04,6232519993.724999,11,"ABA,ABE,BET,ELD,ENT,HOM,INT,MAS,SAH,SPO,TIT",14,914830,3611170313.7200003,-2621075118.2149997,RRI_sports,0
2025-03-05,10092971189.693,12,"ABA,ABE,BET,ELD,ENT,HOM,INT,MAS,RUB,SAH,SPO,TIT",15,1329673,5096010026.030001,-4996954984.663,RRI_sports,0
2025-03-06,12641701575.931,12,"ABA,ABE,BET,ELD,ENT,HOM,INT,MAS,RUB,SAH,SPO,TIT",15,1544032,6718457840.79,-5923253060.161,RRI_sports,0
2025-03-07,8619651091.182001,12,"ABA,ABE,BET,ELD,ENT,HOM,INT,MAS,RUB,SAH,SPO,TIT",15,1797123,5614683588.34,-3004987102.842,RRI_sports,0
2025-03-08,11526538095.875,11,"ABA,ABE,ELD,ENT,HOM,INT,MAS,RUB,SAH,SPO,TIT",14,1681194,6669588407.83,-4856902793.615,CTG_multi,0
2025-03-09,13151236085.310001,12,"ABA,ABE,BET,ELD,ENT,HOM,INT,MAS,RUB,SAH,SPO,TIT",15,2575779,8534642882.34,-4616623703.969999,RRI_sports,0
2025-03-10,5972340399.49,12,"ABA,ABE,BET,ELD,ENT,HOM,INT,MAS,RUB,SAH,SPO,TIT",14,1493982,4417043798.38,-1555335701.1100001,RRI_sports,0
2025-03-11,5186517562.416,12,"ABA,ABE,BET,ELD,ENT,HOM,INT,MAS,RUB,SAH,SPO,TIT",15,1139114,3539929006.06,-1646740776.366,RRI_sports,0
2025-03-12,8982014560.442999,12,"ABA,ABE,BET,ELD,ENT,HOM,INT,MAS,RUB,SAH,SPO,TIT",15,1329659,5044881524.44,-3937283175.993,RRI_sports,0
2025-03-13,7687624673.889999,13,"ABA,ABE,ADV,BET,ELD,ENT,HOM,INT,MAS,RUB,SAH,SPO,TIT",16,1343447,4921210040.179999,-2767633183.81,RRI_sports,0
2025-03-14,-2418283846.4009995,13,"ABA,ABE,ADV,BET,ELD,ENT,HOM,INT,MAS,RUB,SAH,SPO,TIT",16,1616164,5517240588.36,7935276540.351001,RRI_sports,0
2025-03-15,-125649380.03500074,13,"ABA,ABE,ADV,BET,ELD,ENT,HOM,INT,MAS,RUB,SAH,SPO,TIT",16,1635525,6402638930.25,6527522705.365001,CTG_multi,0
2025-03-16,2302726980.5480003,13,"ABA,ABE,ADV,BET,ELD,ENT,HOM,INT,MAS,RUB,SAH,SPO,TIT",16,2583093,8841491057.82,6538277127.272,RRI_sports,0
2025-03-17,-1384049858.94,13,"ABA,ABE,ADV,BET,ELD,ENT,HOM,INT,MAS,RUB,SAH,SPO,TIT",16,1707364,4756417074.26,6139887683.2,RRI_sports,0
2025-03-18,1012182370.802,13,"ABA,ABE,ADV,BET,ELD,ENT,HOM,INT,MAS,RUB,SAH,SPO,TIT",16,913268,2589728342.11,1577508141.298,RRI_sports,0
2025-03-19,1091975033.039,13,"ABA,ABE,ADV,BET,ELD,ENT,HOM,INT,MAS,RUB,SAH,SPO,TIT",16,834115,2805622061.81,1713633578.771,RRI_sports,0
2025-03-20,903802764.126,13,"ABA,ABE,ADV,BET,ELD,ENT,HOM,INT,MAS,RUB,SAH,SPO,TIT",16,861040,2736438318.83,1832617146.704,RRI_sports,0
2025-03-21,1928086426.595,13,"ABA,ABE,ADV,BET,ELD,ENT,HOM,INT,MAS,RUB,SAH,SPO,TIT",16,1154295,4041675811.03,2112470142.435,RRI_sports,0
2025-03-22,1298191787.1879997,9,"ABA,ADV,ELD,ENT,HOM,INT,MAS,SAH,TIT",11,1153217,4278187504.86,2979985417.6720004,CTG_multi,0
2025-03-23,902717820.3079998,14,"ABA,ABE,ADV,BET,EDG,ELD,ENT,HOM,INT,MAS,RUB,SAH,SPO,TIT",17,1056524,3611509870.59,2708711819.282,RRI_sports,0
2025-03-24,-1007510900.2160002,14,"ABA,ABE,ADV,BET,EDG,ELD,ENT,HOM,INT,MAS,RUB,SAH,SPO,TIT",18,762017,3047753951.41,4055249218.6260004,RRI_sports,0
2025-03-25,-84384138.27400023,14,"ABA,ABE,ADV,BET,EDG,ELD,ENT,HOM,INT,MAS,RUB,SAH,SPO,TIT",18,1001003,4113127538.13,4197468776.4040003,RRI_sports,0
2025-03-26,243259458.52799988,14,"ABA,ABE,ADV,BET,EDG,ELD,ENT,HOM,INT,MAS,RUB,SAH,SPO,TIT",18,806118,3036246169.17,2792954810.6419997,RRI_sports,0
2025-03-27,334658509.0449999,14,"ABA,ABE,ADV,BET,EDG,ELD,ENT,HOM,INT,MAS,RUB,SAH,SPO,TIT",18,615615,2315309073.5,1980569208.955,RRI_sports,0
2025-03-28,1018273118.037,14,"ABA,ABE,ADV,BET,EDG,ELD,ENT,HOM,INT,MAS,RUB,SAH,SPO,TIT",18,972032,4092507118.57,3074204499.5330005,RRI_sports,0
2025-03-29,1867778724.3510003,13,"ABE,ADV,BET,EDG,ELD,ENT,HOM,INT,MAS,RUB,SAH,SPO,TIT",18,2132875,8874483769.04,7004933897.689,RRI_sports,0
2025-03-30,-3622728252.7060003,14,"ABA,ABE,ADV,BET,EDG,ELD,ENT,HOM,INT,MAS,RUB,SAH,SPO,TIT",18,1761422,7863374139.99,11483972625.696,RRI_sports,0
2025-03-31,433664369.51300013,14,"ABA,ABE,ADV,BET,EDG,ELD,ENT,HOM,INT,MAS,RUB,SAH,SPO,TIT",18,958543,3904305250.41,3470587890.8970003,RRI_sports,0
2025-04-01,2549950893.41,14,"ABA,ABE,ADV,BET,EDG,ELD,ENT,HOM,INT,MAS,RUB,SAH,SPO,TIT",18,1452423,5880090309.69,3330074416.2799997,RRI_sports,0
2025-04-02,2728678117.623,14,"ABA,ABE,ADV,BET,EDG,ELD,ENT,HOM,INT,MAS,RUB,SAH,SPO,TIT",18,1589840,6359896263.28,3631172045.6569996,RRI_sports,0
2025-04-03,-426210279.6360002,15,"ABA,ABE,ADV,BET,DAY,EDG,ELD,ENT,HOM,INT,MAS,RUB,SAH,SPO,TIT",19,815408,3671378255.5600004,4097357476.196,RRI_other,0
2025-04-04,63164498.88299952,15,"ABA,ABE,ADV,BET,DAY,EDG,ELD,ENT,HOM,INT,MAS,RUB,SAH,SPO,TIT",19,1248676,5147890583.459999,5084683311.587001,RRI_other,0
2025-04-05,3690430928.4140005,15,"ABA,ABE,ADV,BET,DAY,EDG,ELD,ENT,HOM,INT,MAS,RUB,SAH,SPO,TIT",19,2378361,9369734018.08,5679032546.666,RRI_other,0
2025-04-06,2025861717.3250005,15,"ABA,ABE,ADV,BET,DAY,EDG,ELD,ENT,HOM,INT,MAS,RUB,SAH,SPO,TIT",19,1859770,6978821761.77,4951928843.445,RRI_other,0
2025-04-07,317472523.3020001,15,"ABA,ABE,ADV,BET,BLU,DAY,EDG,ELD,ENT,INT,MAS,RUB,SAH,SPO,TIT",19,949993,3564836208.5099998,3247350921.208,RRI_other,0
2025-04-08,1942911629.0619998,16,"ABA,ABE,ADV,BET,BLU,DAY,EDG,ELD,ENT,HOM,INT,MAS,RUB,SAH,SPO,TIT",20,1301556,4736350677.43,2793423819.368,RRI_sports,0
2025-04-09,960353801.385,15,"ABA,ABE,ADV,BET,BLU,DAY,EDG,ELD,ENT,HOM,INT,MAS,RUB,SAH,TIT",19,1124881,4391118077.29,3430698678.9049997,RRI_sports,0
2025-04-10,-185332998.42000046,16,"ABA,ABE,ADV,BET,BLU,DAY,EDG,ELD,ENT,HOM,INT,MAS,RUB,SAH,SPO,TIT",20,1210604,4695295184.139999,4880588897.56,RRI_sports,0
2025-04-11,870357493.5839996,16,"ABA,ABE,ADV,BET,BLU,DAY,EDG,ELD,ENT,HOM,INT,MAS,RUB,SAH,SPO,TIT",20,1235563,4923465477.07,4053066783.486,RRI_sports,0
2025-04-12,2513858081.832,15,"ABA,ABE,ADV,BET,BLU,EDG,ELD,ENT,HOM,INT,MAS,RUB,SAH,SPO,TIT",19,2266291,8895959153.33,6381790501.278,RRI_sports,0
2025-04-13,-68307627.23500025,16,"ABA,ABE,ADV,BET,BLU,DAY,EDG,ELD,ENT,HOM,INT,MAS,RUB,SAH,SPO,TIT",20,1901348,7621147455.76,7689326267.995001,RRI_sports,0
2025-04-14,327859315.81299996,17,"ABA,ABE,ADV,BET,BLU,DAY,EDG,ELD,ENT,GAR,HOM,INT,MAS,RUB,SAH,SPO,TIT",22,1270008,4680741961.62,4352836507.807,RRI_sports,0
2025-04-15,463357747.1359999,18,"ABA,ABE,ADV,BET,BLU,DAY,EDG,ELD,ENT,GAR,HOM,INT,KEF,MAS,RUB,SAH,SPO,TIT",23,1269026,5091674038.860001,4628291086.724,RRI_other,0
2025-04-16,1417364031.3140001,18,"ABA,ABE,ADV,BET,BLU,DAY,EDG,ELD,ENT,GAR,HOM,INT,KEF,MAS,RUB,SAH,SPO,TIT",25,1601104,6136126697.92,4718686866.606,RRI_sports,0
2025-04-17,2098802397.6400006,18,"ABA,ABE,ADV,BET,BLU,DAY,EDG,ELD,ENT,GAR,HOM,INT,KEF,MAS,RUB,SAH,SPO,TIT",24,1779538,6987566005.63,4888385007.990001,RRI_sports,0
2025-04-18,1613739526.8819995,17,"ABA,ABE,ADV,BET,BLU,EDG,ELD,ENT,GAR,HOM,INT,KEF,MAS,RUB,SAH,SPO,TIT",23,1851650,6720996203.099999,5107121676.218,RRI_sports,0
2025-04-19,2832761625.6530004,17,"ABA,ABE,ADV,BET,BLU,EDG,ELD,ENT,GAR,HOM,INT,KEF,MAS,RUB,SAH,SPO,TIT",22,2590105,9199526312.76,6366746817.106999,RRI_sports,0
2025-04-20,2313315298.171,18,"ABA,ABE,ADV,BET,BLU,DAY,EDG,ELD,ENT,GAR,HOM,INT,KEF,MAS,RUB,SAH,SPO,TIT",23,2210169,7849126221.76,5535790012.589,RRI_sports,0
2025-04-21,-190018265.57499954,18,"ABA,ABE,ADV,BET,BLU,DAY,EDG,ELD,ENT,GAR,HOM,INT,KEF,MAS,RUB,SAH,SPO,TIT",26,1125612,3827737405.8900003,4013477476.075,RRI_sports,0
2025-04-22,1278975484.1169999,18,"ABA,ABE,ADV,BET,BLU,DAY,EDG,ELD,ENT,GAR,HOM,INT,KEF,MAS,RUB,SAH,SPO,TIT",23,1365376,4487076203.69,3208068304.573,RRI_other,0
2025-04-23,1215365853.399,18,"ABA,ABE,ADV,BET,BLU,DAY,EDG,ELD,ENT,GAR,HOM,INT,KEF,MAS,RUB,SAH,SPO,TIT",26,1681564,6187406808.71,4972005282.871,RRI_sports,0
2025-04-24,897731142.2799996,18,"ABA,ABE,ADV,BET,BLU,DAY,EDG,ELD,ENT,GAR,HOM,INT,KEF,MAS,RUB,SAH,SPO,TIT",23,1327699,4862565691.58,3953945262.3,RRI_other,0
2025-04-25,523783747.357,18,"ABA,ABE,ADV,BET,BLU,DAY,EDG,ELD,ENT,GAR,HOM,INT,KEF,MAS,RUB,SAH,SPO,TIT",22,1570263,5474474689.370001,4949498435.0130005,RRI_sports,0
2025-04-26,317017223.4660002,18,"ABA,ABE,ADV,BET,BLU,DAY,EDG,ELD,ENT,GAR,HOM,INT,KEF,MAS,RUB,SAH,SPO,TIT",23,2353481,8227057217.59,7908513689.124,RRI_sports,0
2025-04-27,1063064748.3499997,18,"ABA,ABE,ADV,BET,BLU,DAY,EDG,ELD,ENT,GAR,HOM,INT,KEF,MAS,RUB,SAH,SPO,TIT",23,2328474,8738036939.43,7674948500.08,RRI_other,0
2025-04-28,914670315.73,17,"ABA,ADV,BET,BLU,DAY,EDG,ELD,ENT,GAR,HOM,INT,KEF,MAS,RUB,SAH,SPO,TIT",21,1223416,4484196125.57,3566464319.8400006,RRI_sports,0
2025-04-29,1276971076.814,18,"ABA,ABE,ADV,BET,BLU,DAY,EDG,ELD,ENT,GAR,HOM,INT,KEF,MAS,RUB,SAH,SPO,TIT",23,1273639,4432806192.2699995,3155819086.746,RRI_other,0
2025-04-30,1289480927.6449995,11,"ABE,ADV,BET,DAY,ELD,ENT,GAR,INT,RUB,SAH,TIT",15,1359370,4527954084.26,3238445756.6150002,RRI_sports,0
2025-05-01,743696901.655,18,"ABA,ABE,ADV,BET,BLU,DAY,EDG,ELD,ENT,GAR,HOM,INT,KEF,MAS,RUB,SAH,SPO,TIT",23,1559549,5569577740.4,4825812688.745,RRI_other,0
2025-05-02,1390688469.5420003,18,"ABA,ABE,ADV,BET,BLU,DAY,EDG,ELD,ENT,GAR,HOM,INT,KEF,MAS,RUB,SAH,SPO,TIT",23,1550775,5269432694.29,3878707804.748,RRI_other,0
2025-05-03,-801591811.9790001,18,"ABA,ABE,ADV,BET,BLU,DAY,EDG,ELD,ENT,GAR,HOM,INT,KEF,MAS,RUB,SAH,SPO,TIT",23,2574053,9116213374.82,9917724581.049,RRI_other,0
2025-05-04,-1732905989.4510005,18,"ABA,ABE,ADV,BET,BLU,DAY,EDG,ELD,ENT,GAR,HOM,INT,KEF,MAS,RUB,SAH,SPO,TIT",23,2410238,9100112426.789999,10832766435.241001,RRI_other,0
2025-05-05,-440162986.09200007,18,"ABA,ABE,ADV,BET,BLU,DAY,EDG,ELD,ENT,GAR,HOM,INT,KEF,MAS,RUB,SAH,SPO,TIT",23,1208709,4745434388.33,5185539358.422,RRI_other,0
2025-05-06,-33161580.126000237,19,"ABA,ABE,ADV,BET,BLU,DAY,EDG,ELD,ENT,GAR,HOM,INT,KEF,MAS,RED,RUB,SAH,SPO,TIT",25,1310865,4604531403.61,4637631068.736,RRI_other,0
2025-05-07,763280153.6239998,20,"ABA,ABE,ADV,BET,BLU,DAY,EDG,ELD,ENT,GAR,HOM,INT,KEF,MAS,QUI,RED,RUB,SAH,SPO,TIT",25,1500405,5602450980.92,4839124367.296,RRI_other,0
2025-05-08,-714949456.614,19,"ABA,ABE,ADV,BET,BLU,DAY,EDG,ELD,ENT,GAR,HOM,INT,KEF,MAS,QUI,RUB,SAH,SPO,TIT",25,1388087,5595471858.59,6310351246.6640005,RRI_other,0
2025-05-09,723163000.0499995,20,"ABA,ABE,ADV,BET,BLU,DAY,EDG,ELD,ENT,GAR,HOM,INT,KEF,MAS,QUI,RED,RUB,SAH,SPO,TIT",25,1916979,7147193234.299999,6423976515.0,RRI_other,0
2025-05-10,2488659325.4160004,19,"ABA,ABE,ADV,BET,BLU,DAY,EDG,ELD,ENT,GAR,HOM,INT,KEF,MAS,QUI,RUB,SAH,SPO,TIT",24,2698252,10097421149.45,7608460076.034,RRI_other,0
2025-05-11,1592908997.8049998,19,"ABA,ADV,BET,BLU,DAY,EDG,ELD,ENT,GAR,HOM,INT,KEF,MAS,QUI,RED,RUB,SAH,SPO,TIT",23,2535901,9940360827.11,8346775529.305,RRI_sports,0
2025-05-12,710924945.0430001,19,"ABA,ABE,ADV,BET,BLU,DAY,EDG,ELD,ENT,GAR,HOM,INT,KEF,MAS,QUI,RUB,SAH,SPO,TIT",23,1187699,3987912942.27,3276936697.2269998,RRI_other,0
2025-05-13,1094900481.391,20,"ABA,ABE,ADV,BET,BLU,DAY,EDG,ELD,ENT,GAR,HOM,INT,KEF,MAS,QUI,RED,RUB,SAH,SPO,TIT",25,1358600,4262570718.1,3166777977.519,RRI_other,0
2025-05-14,1225967362.5460002,20,"ABA,ABE,ADV,BET,BLU,DAY,EDG,ELD,ENT,GAR,HOM,INT,KEF,MAS,QUI,RED,RUB,SAH,SPO,TIT",25,1450565,5255865335.05,4029602415.5039997,RRI_other,0
2025-05-15,686215723.8529999,20,"ABA,ABE,ADV,BET,BLU,DAY,EDG,ELD,ENT,GAR,HOM,INT,KEF,MAS,QUI,RED,RUB,SAH,SPO,TIT",24,1389520,5182638216.39,4496375012.537001,RRI_sports,0
2025-05-16,735264899.7669998,20,"ABA,ABE,ADV,BET,BLU,DAY,EDG,ELD,ENT,GAR,HOM,INT,KEF,MAS,QUI,RED,RUB,SAH,SPO,TIT",26,1701197,6681576529.74,5946293394.973,RRI_other,0
2025-05-17,1562698291.0239995,20,"ABA,ABE,ADV,BET,BLU,DAY,EDG,ELD,ENT,GAR,HOM,INT,KEF,MAS,QUI,RED,RUB,SAH,SPO,TIT",25,2352758,9052689693.21,7489945066.186,RRI_other,0
2025-05-18,1808287983.2679996,20,"ABA,ABE,ADV,BET,BLU,DAY,EDG,ELD,ENT,GAR,HOM,INT,KEF,MAS,QUI,RED,RUB,SAH,SPO,TIT",25,2422802,8775693948.99,6967393965.722,RRI_other,0
2025-05-19,367311166.1000001,19,"ABA,ABE,ADV,BET,BLU,DAY,EDG,ELD,ENT,GAR,HOM,INT,KEF,MAS,QUI,RUB,SAH,SPO,TIT",24,1071084,3542893337.25,3175539671.15,RRI_other,0
2025-05-20,-685432928.4609996,20,"ABA,ABE,ADV,BET,BLU,DAY,EDG,ELD,ENT,GAR,HOM,INT,KEF,MAS,QUI,RED,RUB,SAH,SPO,TIT",26,1215724,4301153291.52,4986568439.981,RRI_other,0
2025-05-21,1226934356.338,19,"ABA,ABE,ADV,BET,BLU,DAY,EDG,ELD,ENT,GAR,HOM,INT,KEF,QUI,RED,RUB,SAH,SPO,TIT",23,1310903,4452290465.83,3225178120.4919996,RRI_sports,0
2025-05-22,1063057281.0339999,20,"ABA,ABE,ADV,BET,BLU,DAY,EDG,ELD,ENT,GAR,HOM,INT,KEF,MAS,QUI,RED,RUB,SAH,SPO,TIT",26,1158627,4311752706.83,3248668365.796,RRI_other,0
2025-05-23,563601233.3129997,15,"ABA,ADV,BLU,DAY,ELD,ENT,GAR,HOM,INT,MAS,QUI,RUB,SAH,SPO,TIT",19,1324848,5275421562.24,4711772328.127,RRI_other,0
2025-05-24,1543072715.7919993,16,"ABA,ADV,BLU,DAY,ELD,ENT,GAR,HOM,INT,MAS,QUI,RED,RUB,SAH,SPO,TIT",21,2165154,7987516391.65,6444439208.858,RRI_sports,0
2025-05-25,379458438.0630001,16,"ABA,ADV,BLU,DAY,ELD,ENT,GAR,HOM,INT,MAS,QUI,RED,RUB,SAH,SPO,TIT",21,2833770,10337281600.77,9957775611.227001,RRI_other,0
2025-05-26,917007195.7209998,16,"ABA,ADV,BLU,DAY,ELD,ENT,GAR,HOM,INT,MAS,QUI,RED,RUB,SAH,SPO,TIT",20,1083759,3961819666.41,3044781770.689,RRI_other,0
2025-05-27,727946605.9539999,17,"ABA,ADV,BET,BLU,DAY,ELD,ENT,GAR,HOM,INT,KEF,MAS,QUI,RUB,SAH,SPO,TIT",21,953170,3216934137.16,2488979671.666,RRI_sports,0
2025-05-28,401751044.553,19,"ABA,ABE,ADV,BET,BLU,DAY,EDG,ELD,ENT,GAR,HOM,INT,KEF,MAS,QUI,RUB,SAH,SPO,TIT",24,1160314,3994419127.2400002,3592647201.687,RRI_other,0
2025-05-29,691068084.7170002,19,"ABA,ABE,ADV,BET,BLU,DAY,EDG,ELD,ENT,GAR,HOM,INT,KEF,MAS,QUI,RUB,SAH,SPO,TIT",24,1300034,4697818545.89,4006711496.1729994,RRI_other,0
2025-05-30,748446514.2870003,19,"ABA,ABE,ADV,BET,BLU,DAY,EDG,ELD,ENT,GAR,HOM,INT,KEF,MAS,QUI,RUB,SAH,SPO,TIT",24,1289654,4905844650.04,4157387551.753,RRI_other,0
2025-05-31,883507807.2479998,20,"ABA,ABE,ADV,BET,BLU,DAY,EDG,ELD,ENT,GAR,HOM,INT,KEF,MAS,QUI,RED,RUB,SAH,SPO,TIT",24,1725268,6615768027.009999,5731879279.302,RRI_other,0
2025-06-01,215380766.7010001,17,"ABA,ADV,BET,BLU,DAY,EDG,ELD,ENT,GAR,HOM,INT,MAS,QUI,RUB,SAH,SPO,TIT",21,1507364,5445492433.7,5230034349.799,RRI_other,0
2025-06-02,656852184.1840001,20,"ABA,ABE,ADV,BET,BLU,DAY,EDG,ELD,ENT,GAR,HOM,INT,KEF,MAS,QUI,RUB,SAH,SPO,SYN,TIT",27,1043135,3878431855.14,3201473470.956,RRI_other,0
2025-06-03,649138909.4760001,21,"ABA,ABE,ADV,BET,BLU,DAY,EDG,ELD,ENT,GAR,HOM,INT,KEF,MAS,QUI,RED,RUB,SAH,SPO,SYN,TIT",34,1118303,4001423323.7500005,3352160136.8440003,RRI_other,0
2025-06-04,721848554.8199999,20,"ABA,ABE,ADV,BET,BLU,DAY,EDG,ELD,ENT,GAR,HOM,INT,KEF,MAS,QUI,RUB,SAH,SPO,SYN,TIT",26,944524,3397756834.67,2675847930.9500003,RRI_other,0
2025-06-05,829386781.3200002,20,"ABA,ABE,ADV,BET,BLU,DAY,EDG,ELD,ENT,GAR,HOM,INT,KEF,MAS,QUI,RUB,SAH,SPO,SYN,TIT",25,1225058,4389461448.59,3560038766.27,RRI_other,0
2025-06-06,1478315852.6200001,20,"ABA,ABE,ADV,BET,BLU,DAY,EDG,ELD,ENT,GAR,HOM,INT,KEF,MAS,QUI,RUB,SAH,SPO,SYN,TIT",26,1431217,5227651298.700001,3749285993.08,RRI_other,0
2025-06-07,1056545301.3699999,21,"ABA,ABE,ADV,BET,BLU,DAY,EDG,ELD,ENT,GAR,HOM,INT,KEF,MAS,QUI,RED,RUB,SAH,SPO,SYN,TIT",27,1464930,5281990370.24,4225382668.87,RRI_other,0
2025-06-08,793796227.0899998,19,"ABA,ABE,ADV,BLU,DAY,EDG,ELD,ENT,GAR,HOM,INT,KEF,MAS,QUI,RUB,SAH,SPO,SYN,TIT",25,1328719,4899815354.679999,4105967677.59,RRI_other,0
2025-06-09,176744386.90000007,21,"ABA,ABE,ADV,BET,BLU,DAY,EDG,ELD,ENT,GAR,HOM,INT,KEF,MAS,QUI,RED,RUB,SAH,SPO,SYN,TIT",28,1063276,3613968936.35,3437065910.15,RRI_other,0
2025-06-10,34427132.93000004,20,"ABA,ABE,ADV,BET,BLU,DAY,EDG,ELD,ENT,GAR,HOM,INT,KEF,MAS,QUI,RUB,SAH,SPO,SYN,TIT",26,1094188,3770150744.2599998,3735665061.3199997,RRI_other,0
2025-06-11,677417323.7800001,20,"ABA,ABE,ADV,BET,BLU,DAY,EDG,ELD,ENT,GAR,HOM,INT,KEF,MAS,QUI,RUB,SAH,SPO,SYN,TIT",26,1031268,3719297820.61,3041848922.83,RRI_other,0
2025-06-12,-190993294.88,19,"ABA,ABE,ADV,BET,BLU,DAY,EDG,ELD,ENT,GAR,HOM,INT,MAS,QUI,RUB,SAH,SPO,SYN,TIT",24,908739,3121713668.27,3312697163.1499996,RRI_other,0
2025-06-13,-187723486.78999972,20,"ABA,ABE,ADV,BET,BLU,DAY,EDG,ELD,ENT,GAR,HOM,INT,KEF,MAS,QUI,RUB,SAH,SPO,SYN,TIT",26,1274326,4605553999.9,4793213756.69,RRI_sports,0
2025-06-14,986029901.54,20,"ABA,ABE,ADV,BET,BLU,DAY,EDG,ELD,ENT,GAR,HOM,INT,KEF,MAS,QUI,RUB,SAH,SPO,SYN,TIT",26,1416891,5139668102.889999,4153616751.3499994,RRI_other,0
2025-06-15,1148818000.9100003,20,"ABA,ABE,ADV,BET,BLU,DAY,EDG,ELD,ENT,GAR,HOM,INT,KEF,MAS,QUI,RUB,SAH,SPO,SYN,TIT",26,1347118,5034767596.47,3885750016.56,RRI_other,0
2025-06-16,-98546310.79999974,20,"ABA,ABE,ADV,BET,BLU,DAY,EDG,ELD,ENT,GAR,HOM,INT,KEF,MAS,QUI,RUB,SAH,SPO,SYN,TIT",26,948665,3126791273.72,3225050662.69,RRI_other,0
2025-06-17,984287341.3400002,20,"ABA,ABE,ADV,BET,BLU,DAY,EDG,ELD,ENT,GAR,HOM,INT,KEF,MAS,QUI,RUB,SAH,SPO,SYN,TIT",26,1184377,4619502166.0,3635152898.12,RRI_other,0
2025-06-18,880832737.8399999,20,"ABA,ABE,ADV,BET,BLU,DAY,EDG,ELD,ENT,GAR,HOM,INT,MAS,QUI,RED,RUB,SAH,SPO,SYN,TIT",27,1125768,4352943546.02,3472034608.18,RRI_other,0
2025-06-19,825929113.4899999,18,"ABA,ADV,BET,BLU,DAY,EDG,ELD,ENT,GAR,HOM,INT,MAS,QUI,RUB,SAH,SPO,SYN,TIT",24,1017427,3837718895.4799995,3011771181.9900002,RRI_sports,0
2025-06-20,1314811684.6599998,20,"ABA,ABE,ADV,BET,BLU,DAY,EDG,ELD,ENT,GAR,HOM,INT,KEF,MAS,QUI,RUB,SAH,SPO,SYN,TIT",26,1262723,4450702982.08,3135856697.42,RRI_other,0
2025-06-21,905702784.4300001,19,"ABA,ABE,ADV,BET,BLU,DAY,ELD,ENT,GAR,HOM,INT,MAS,QUI,RED,RUB,SAH,SPO,SYN,TIT",25,1496147,5713480771.2699995,4807713677.0,RRI_sports,0
2025-06-22,277337752.5400001,19,"ABA,ABE,ADV,BET,BLU,DAY,EDG,ELD,ENT,GAR,HOM,INT,MAS,QUI,RUB,SAH,SPO,SYN,TIT",25,1260434,4706904217.25,4429486893.71,RRI_other,0
2025-06-23,692857005.6599997,20,"ABA,ABE,ADV,BET,BLU,DAY,EDG,ELD,ENT,GAR,HOM,INT,KEF,MAS,QUI,RUB,SAH,SPO,SYN,TIT",26,1053892,4376017309.65,3683034978.32,RRI_sports,0
2025-06-24,628678686.3199999,20,"ABA,ABE,ADV,BET,BLU,DAY,EDG,ELD,ENT,GAR,HOM,INT,KEF,MAS,QUI,RUB,SAH,SPO,SYN,TIT",27,936266,3329818328.05,2700989583.73,RRI_other,0
2025-06-25,1080327826.89,18,"ABA,ADV,BET,BLU,DAY,EDG,ELD,ENT,GAR,HOM,INT,MAS,QUI,RUB,SAH,SPO,SYN,TIT",23,1120837,4833727030.81,3753340549.92,RRI_sports,0
2025-06-26,-71157756.18000016,21,"ABA,ABE,ADV,BET,BLU,DAY,EDG,ELD,ENT,GAM,GAR,HOM,INT,MAS,QUI,RED,RUB,SAH,SPO,SYN,TIT",27,1110782,4216593827.39,4287670735.57,RRI_sports,0
2025-06-27,-59166622.319999784,21,"ABA,ABE,ADV,BET,BLU,DAY,EDG,ELD,ENT,GAM,GAR,HOM,INT,MAS,QUI,RED,RUB,SAH,SPO,SYN,TIT",28,1261843,5240354617.71,5299421299.12,RRI_sports,0
2025-06-28,1277580900.9099998,20,"ABA,ABE,ADV,BET,BLU,DAY,EDG,ELD,ENT,GAM,GAR,HOM,INT,MAS,QUI,RUB,SAH,SPO,SYN,TIT",27,1541848,5697840898.41,4420168854.7,RRI_other,0
2025-06-29,1331933828.3600001,20,"ABA,ABE,ADV,BET,BLU,DAY,EDG,ELD,ENT,GAM,GAR,HOM,INT,MAS,QUI,RUB,SAH,SPO,SYN,TIT",27,1242047,4928747029.36,3596720802.0,RRI_other,0
2025-06-30,612240796.7,20,"ABA,ABE,ADV,BET,BLU,DAY,EDG,ELD,ENT,GAM,GAR,HOM,INT,MAS,QUI,RUB,SAH,SPO,SYN,TIT",27,868929,3604413815.63,2992143590.9300003,RRI_other,0
2025-07-01,1421206412.9099998,21,"ABA,ABE,ADV,BET,BLU,DAY,EDG,ELD,ENT,GAM,GAR,HOM,INT,MAS,PAR,QUI,RUB,SAH,SPO,SYN,TIT",28,997137,4218600725.79,2797320527.68,RRI_other,0
2025-07-02,311029479.55999994,22,"ABA,ABE,ADV,BET,BLU,DAY,EDG,ELD,ENT,GAM,GAR,HOM,INT,KEF,MAS,PAR,QUI,RUB,SAH,SPO,SYN,TIT",29,1094517,4329110567.41,4016644575.8500004,RRI_sports,0
2025-07-03,656753595.9699999,22,"ABA,ABE,ADV,BET,BLU,DAY,EDG,ELD,ENT,GAM,GAR,HOM,INT,MAS,PAR,QUI,RED,RUB,SAH,SPO,SYN,TIT",29,914686,3059352402.74,2402349881.75,RRI_other,0
2025-07-04,225136721.80000037,20,"ABA,ABE,ADV,BET,DAY,EDG,ELD,ENT,GAM,GAR,HOM,INT,MAS,PAR,QUI,RUB,SAH,SPO,SYN,TIT",26,1195111,4411720214.330001,4186433481.5299997,RRI_other,0
2025-07-05,-668582696.4200003,22,"ABA,ABE,ADV,BET,BLU,DAY,EDG,ELD,ENT,GAM,GAR,HOM,INT,MAS,PAR,QUI,RED,RUB,SAH,SPO,SYN,TIT",28,1693191,6986280023.95,7654652840.370001,RRI_sports,0
2025-07-06,851447647.0400001,21,"ABA,ABE,ADV,BET,BLU,DAY,EDG,ELD,ENT,GAM,GAR,HOM,INT,MAS,PAR,QUI,RUB,SAH,SPO,SYN,TIT",28,1328647,5203885481.88,4352338986.84,RRI_other,0
2025-07-07,529219432.1400001,21,"ABA,ABE,ADV,BET,BLU,DAY,EDG,ELD,ENT,GAM,GAR,HOM,INT,MAS,PAR,QUI,RUB,SAH,SPO,SYN,TIT",52,894715,3150136936.73,2620443124.3399997,RRI_other,0
2025-07-08,483217206.7100001,22,"ABA,ABE,ADV,BET,BLU,DAY,EDG,ELD,ENT,GAM,GAR,HOM,INT,MAS,PAR,QUI,RED,RUB,SAH,SPO,SYN,TIT",29,1135556,4019086353.72,3535540861.0099998,RRI_other,0
2025-07-09,179080362.37,24,"ABA,ABE,ADV,BET,BLU,DAY,EDG,ELD,ENT,GAM,GAR,HOM,INT,KEF,MAS,PAR,QUI,RED,RUB,SAH,SPO,SYN,TIT,WOR",31,1110885,4272818327.12,4093694972.25,RRI_sports,0
2025-07-10,154042453.78000003,23,"ABA,ABE,ADV,BET,BLU,DAY,EDG,ELD,ENT,GAM,GAR,HOM,INT,KEF,MAS,PAR,QUI,RUB,SAH,SPO,SYN,TIT,WOR",30,1120032,5007773792.900001,4853265083.070001,RRI_sports,0
2025-07-11,600911798.2299998,23,"ABA,ABE,ADV,BET,BLU,DAY,EDG,ELD,ENT,GAM,GAR,HOM,INT,KEF,MAS,PAR,QUI,RUB,SAH,SPO,SYN,TIT,WOR",29,1207057,4650147565.24,4049171217.01,RRI_sports,0
2025-07-12,1457379558.6999998,22,"ABA,ABE,ADV,BET,BLU,DAY,EDG,ELD,ENT,GAM,GAR,HOM,INT,MAS,PAR,QUI,RUB,SAH,SPO,SYN,TIT,WOR",29,1596050,5958369761.389999,4500854421.69,RRI_sports,0
2025-07-13,652815461.3999997,23,"ABA,ABE,ADV,BET,BLU,DAY,EDG,ELD,ENT,GAM,GAR,HOM,INT,KEF,MAS,PAR,QUI,RUB,SAH,SPO,SYN,TIT,WOR",30,1376562,5231033726.5,4578144260.09,RRI_sports,0
2025-07-14,661967105.79,23,"ABA,ABE,ADV,BET,BLU,BWI,DAY,EDG,ELD,ENT,GAM,GAR,HOM,INT,KEF,MAS,PAR,QUI,RUB,SAH,SPO,SYN,TIT",29,901855,3671477109.76,3009406972.05,RRI_other,0
2025-07-15,753774819.6899999,24,"ABA,ABE,ADV,BET,BLU,BWI,DAY,EDG,ELD,ENT,GAM,GAR,HOM,INT,KEF,MAS,PAR,QUI,RUB,SAH,SPO,SYN,TIT,WOR",31,1083046,3796900873.15,3043030217.39,RRI_sports,0
2025-07-16,989852438.75,24,"ABA,ABE,ADV,BET,BLU,BWI,DAY,EDG,ELD,ENT,GAM,GAR,HOM,INT,KEF,MAS,PAR,QUI,RUB,SAH,SPO,SYN,TIT,WOR",31,1025057,3867695000.2200003,2877612281.4700003,RRI_sports,0
2025-07-17,1212797456.18,23,"ABA,ADV,BET,BLU,BWI,DAY,EDG,ELD,ENT,GAM,GAR,HOM,INT,KEF,MAS,PAR,QUI,RUB,SAH,SPO,SYN,TIT,WOR",29,1101039,3911823233.03,2698822900.0099998,RRI_sports,0
2025-07-18,574264378.8699998,22,"ABA,ABE,ADV,BET,BLU,BWI,DAY,EDG,ELD,ENT,GAM,GAR,HOM,INT,KEF,MAS,PAR,QUI,RUB,SAH,SPO,TIT",28,1212825,4329330862.17,3755012083.3,RRI_sports,0
2025-07-19,1275009827.7700002,23,"ABA,ADV,BET,BLU,BWI,DAY,EDG,ELD,ENT,GAM,GAR,HOM,INT,KEF,MAS,PAR,QUI,RUB,SAH,SPO,SYN,TIT,WOR",29,1747296,6026623726.17,4751478947.74,RRI_sports,0
2025-07-20,73817016.04000008,24,"ABA,ABE,ADV,BET,BLU,BWI,DAY,EDG,ELD,ENT,GAM,GAR,HOM,INT,KEF,MAS,PAR,QUI,RUB,SAH,SPO,SYN,TIT,WOR",31,1259179,4415955847.06,4341758402.02,RRI_sports,0
2025-07-21,393839020.02000004,25,"ABA,ABE,ADV,BET,BLU,BWI,DAY,EDG,ELD,ENT,GAM,GAR,HOM,INT,KEF,MAS,PAR,QUI,REY,RUB,SAH,SPO,SYN,TIT,WOR",32,910637,3370266755.79,2976293896.77,RRI_other,0
2025-07-22,323978499.40999985,24,"ABA,ABE,ADV,ARC,BET,BLU,BWI,DAY,EDG,ELD,ENT,GAM,GAR,HOM,INT,MAS,PAR,QUI,REY,RUB,SAH,SPO,SYN,TIT",32,1116511,4074446501.7499995,3750288743.51,RRI_other,0
2025-07-23,742230037.29,24,"ABA,ABE,ADV,ARC,BET,BLU,BWI,DAY,EDG,ELD,ENT,GAM,GAR,HOM,INT,MAS,PAR,QUI,REY,RUB,SAH,SPO,SYN,TIT",56,1094005,4073626158.71,3331252513.39,RRI_other,0
2025-07-24,1062402701.02,25,"ABA,ABE,ADV,ARC,BET,BLU,BWI,DAY,EDG,ELD,ENT,GAM,GAR,HOM,INT,MAS,PAR,QUI,REY,RUB,SAH,SPO,SYN,TIT,WOR",36,1163070,3959551234.67,2897006510.65,RRI_sports,0
2025-07-25,580440645.2399998,25,"ABA,ABE,ADV,ARC,BET,BLU,BWI,DAY,EDG,ELD,ENT,GAM,GAR,HOM,INT,MAS,PAR,QUI,REY,RUB,SAH,SPO,SYN,TIT,WOR",33,1148803,4413602548.63,3833045599.3900003,RRI_other,0
2025-07-26,1055644328.2300004,25,"ABA,ABE,ADV,ARC,BET,BLU,BWI,DAY,EDG,ELD,ENT,GAM,GAR,HOM,INT,MAS,PAR,QUI,REY,RUB,SAH,SPO,SYN,TIT,WOR",33,1472041,5592767357.72,4536641490.429999,RRI_other,0
2025-07-27,-4866903.730000193,25,"ABA,ABE,ADV,ARC,BET,BLU,BWI,DAY,EDG,ELD,ENT,GAM,GAR,HOM,INT,MAS,PAR,QUI,REY,RUB,SAH,SPO,SYN,TIT,WOR",33,1310434,5033621475.95,5038276436.86,RRI_sports,0
2025-07-28,-102805711.99000007,25,"ABA,ABE,ADV,ARC,BET,BLU,BWI,DAY,EDG,ELD,ENT,GAM,GAR,HOM,INT,MAS,PAR,QUI,REY,RUB,SAH,SPO,SYN,TIT,WOR",33,900209,3458327922.33,3561067534.32,RRI_other,0
2025-07-29,641689095.3600001,24,"ABA,ABE,ADV,ARC,BET,BLU,BWI,DAY,EDG,ELD,ENT,GAM,GAR,HOM,INT,MAS,PAR,QUI,REY,RUB,SAH,SPO,SYN,TIT",32,1094766,3659120499.54,3017346564.18,RRI_other,0
2025-07-30,1250252234.4399996,25,"ABA,ABE,ADV,BET,BLU,BWI,DAY,EDG,ELD,ENT,GAM,GAR,GEE,HOM,INT,MAS,PAR,QUI,REY,RUB,SAH,SPO,SYN,TIT,WOR",31,1173490,4414212786.78,3163916445.34,RRI_sports,0
2025-07-31,1041126620.0799997,26,"ABA,ABE,ADV,BET,BLU,BWI,DAY,EDG,ELD,ENT,FOX,GAM,GAR,GEE,HOM,INT,MAS,PAR,QUI,REY,RUB,SAH,SPO,SYN,TIT,WOR",32,1180013,4311680655.549999,3270416786.69,RRI_sports,0
2025-08-01,427636632.3900004,25,"ABA,ABE,ADV,BET,BWI,DAY,EDG,ELD,ENT,FOX,GAM,GAR,GEE,HOM,INT,MAS,PAR,QUI,REY,RUB,SAH,SPO,SYN,TIT,WOR",32,1196546,4360719202.820001,3932965233.73,RRI_sports,0
2025-08-02,1052946659.7500005,26,"ABA,ABE,ADV,BET,BLU,BWI,DAY,EDG,ELD,ENT,FOX,GAM,GAR,GEE,HOM,INT,MAS,PAR,QUI,REY,RUB,SAH,SPO,SYN,TIT,WOR",33,1644960,6116238208.08,5063154477.33,RRI_other,0
2025-08-03,1379565058.5000002,26,"ABA,ABE,ADV,BET,BLU,BWI,DAY,EDG,ELD,ENT,FOX,GAM,GAR,GEE,HOM,INT,MAS,PAR,QUI,REY,RUB,SAH,SPO,SYN,TIT,WOR",35,1531139,5862246985.58,4482618032.08,RRI_other,0
2025-08-04,123165670.04999992,25,"ABA,ABE,ADV,BET,BLU,BWI,DAY,EDG,ELD,ENT,FOX,GAM,GAR,GEE,HOM,INT,MAS,PAR,QUI,REY,RUB,SAH,SPO,TIT,WOR",31,1019750,3900427937.4900002,3777004452.4400005,RRI_other,0
2025-08-05,2280950950.89,25,"ABA,ABE,ADV,BET,BLU,BWI,DAY,EDG,ELD,ENT,FOX,GAM,GAR,GEE,HOM,INT,MAS,PAR,QUI,REY,RUB,SAH,SPO,TIT,WOR",30,1214539,4266003315.3,1984937980.2,RRI_sports,0
2025-08-06,800259519.0800003,21,"ABA,ABE,ADV,BET,BWI,DAY,EDG,ELD,ENT,FOX,GAM,GAR,GEE,HOM,INT,PAR,QUI,REY,SAH,SPO,WOR",27,1226965,4620311964.86,3819715789.1600003,RRI_other,0
2025-08-07,484002479.9699999,24,"ABA,ABE,ADV,BET,BLU,BWI,DAY,EDG,ELD,ENT,FOX,GAM,GAR,GEE,HOM,INT,MAS,PAR,QUI,REY,RUB,SAH,SPO,TIT",30,1267929,4638311140.42,4154048487.89,RRI_other,0
2025-08-08,1152250458.2799995,25,"ABA,ABE,ADV,BET,BLU,BWI,DAY,EDG,ELD,ENT,FOX,GAM,GAR,GEE,HOM,INT,MAS,PAR,QUI,REY,RUB,SAH,SPO,TIT,WOR",31,1373050,5247478254.889999,4095043128.6100006,RRI_other,0
2025-08-09,1947011015.7600005,24,"ABA,ABE,ADV,BET,BLU,BWI,DAY,EDG,ELD,ENT,FOX,GAM,GAR,HOM,INT,MAS,PAR,QUI,REY,RUB,SAH,SPO,TIT,WOR",30,1886485,7381414719.88,5433757645.94,RRI_other,0
2025-08-10,1795297913.6800005,26,"ABA,ABE,ADV,BET,BLU,BWI,DAY,EDG,ELD,ENT,FOX,GAM,GAR,GEE,HOM,INT,KIN,MAS,PAR,QUI,REY,RUB,SAH,SPO,TIT,WOR",34,1652562,6605839065.700001,4810479535.37,RRI_sports,0
2025-08-11,80937418.18000023,26,"ABA,ABE,ADV,BET,BLU,BWI,DAY,EDG,ELD,ENT,FOX,GAM,GAR,GEE,HOM,INT,KIN,MAS,PAR,QUI,REY,RUB,SAH,SPO,TIT,WOR",33,987087,3990340411.64,3909098287.4599996,RRI_sports,0
2025-08-12,109839593.7100001,25,"ABA,ABE,ADV,BET,BLU,BWI,DAY,EDG,ELD,ENT,FOX,GAM,GAR,GEE,HOM,INT,MAS,PAR,QUI,REY,RUB,SAH,SPO,TIT,WOR",31,1363900,5376884047.39,5266153380.68,RRI_sports,0
2025-08-13,1124308453.8099995,25,"ABA,ABE,ADV,BET,BLU,BWI,DAY,EDG,ELD,ENT,FOX,GAM,GAR,GEE,HOM,INT,MAS,PAR,QUI,REY,RUB,SAH,SPO,TIT,WOR",31,1206932,4534109059.679999,3409566966.2200003,RRI_sports,0
2025-08-14,1111737393.23,25,"ABA,ABE,ADV,BET,BLU,BWI,DAY,EDG,ELD,ENT,FOX,GAM,GAR,GEE,HOM,INT,MAS,PAR,QUI,REY,RUB,SAH,SPO,TIT,WOR",31,1293075,4682975762.7699995,3570996043.54,RRI_sports,0
2025-08-15,1248606213.57,23,"ABA,ABE,ADV,BET,BLU,BWI,DAY,EDG,ELD,ENT,FOX,GAM,GAR,HOM,INT,MAS,PAR,QUI,REY,RUB,SAH,SPO,TIT",29,1632217,6674137022.499999,5424596669.93,RRI_other,0
2025-08-16,-746448526.4299995,25,"ABA,ABE,ADV,BET,BLU,BWI,DAY,EDG,ELD,ENT,FOX,GAM,GAR,GEE,HOM,INT,MAS,PAR,QUI,REY,RUB,SAH,SPO,TIT,WOR",31,2677980,10186004155.42,10932015567.85,RRI_other,0
2025-08-17,510385059.92999965,25,"ABA,ABE,ADV,BET,BLU,BWI,DAY,EDG,ELD,ENT,FOX,GAM,GAR,GEE,HOM,INT,MAS,PAR,QUI,REY,RUB,SAH,SPO,TIT,WOR",31,2440128,10778926010.599998,10267449125.67,RRI_sports,0
2025-08-18,951289690.33,25,"ABA,ABE,ADV,BET,BLU,BWI,DAY,EDG,ELD,ENT,FOX,GAM,GAR,GEE,HOM,INT,MAS,PAR,QUI,REY,RUB,SAH,SPO,TIT,WOR",33,1311180,5542510697.2,4590963852.87,RRI_sports,0
2025-08-19,1161488232.5,25,"ABA,ABE,ADV,BET,BLU,BWI,DAY,EDG,ELD,ENT,FOX,GAM,GAR,GEE,HOM,INT,MAS,PAR,QUI,REY,RUB,SAH,SPO,TIT,WOR",31,1280942,5176399239.15,4014677980.6499996,RRI_sports,0
2025-08-20,428218863.3499999,24,"ABA,ABE,ADV,BET,BLU,BWI,DAY,EDG,ELD,ENT,FOX,GAM,GAR,GEE,HOM,INT,MAS,PAR,QUI,RUB,SAH,SPO,TIT,WOR",30,1233146,5104674427.67,4676294727.309999,RRI_sports,0
2025-08-21,500261161.36999995,25,"ABA,ABE,ADV,BET,BLU,BWI,DAY,EDG,ELD,ENT,FOX,GAM,GAR,GEE,HOM,INT,MAS,PAR,QUI,REY,RUB,SAH,SPO,TIT,WOR",31,1312609,5437725283.93,4937194123.56,RRI_sports,0
2025-08-22,800961301.1299998,25,"ABA,ABE,ADV,BET,BLU,BWI,DAY,EDG,ELD,ENT,FOX,GAM,GAR,GEE,HOM,INT,MAS,PAR,QUI,REY,RUB,SAH,SPO,TIT,WOR",30,1527448,6487471821.79,5684953823.650001,RRI_sports,0
2025-08-23,3395858724.3999996,24,"ABA,ABE,ADV,BET,BLU,DAY,EDG,ELD,ENT,FOX,GAM,GAR,GEE,HOM,INT,MAS,PAR,QUI,REY,RUB,SAH,SPO,TIT,WOR",30,3327326,13641412426.800001,10244765178.22,RRI_sports,0
2025-08-24,3016982568.4500003,25,"ABA,ABE,ADV,BET,BLU,BWI,DAY,EDG,ELD,ENT,FOX,GAM,GAR,GEE,HOM,INT,MAS,PAR,QUI,REY,RUB,SAH,SPO,TIT,WOR",31,2400437,10748810574.95,7731461711.5,RRI_sports,0
2025-08-25,-454160385.85999954,25,"ABA,ABE,ADV,BET,BLU,BWI,DAY,EDG,ELD,ENT,FOX,GAM,GAR,GEE,HOM,INT,MAS,PAR,QUI,REY,RUB,SAH,SPO,TIT,WOR",32,1360130,5952089291.309999,6405983913.36,RRI_sports,0
2025-08-26,1162030556.76,24,"ABA,ABE,ADV,BET,BLU,BWI,DAY,EDG,ELD,ENT,FOX,GAM,GAR,GEE,HOM,INT,MAS,PAR,QUI,REY,RUB,SAH,SPO,TIT",31,1434259,5566166708.09,4403922847.33,RRI_other,0
2025-08-27,1635391079.7499998,25,"ABA,ABE,ADV,BET,BLU,BWI,DAY,EDG,ELD,ENT,FOX,GAM,GAR,GEE,HOM,INT,MAS,PAR,QUI,REY,RUB,SAH,SPO,TIT,WOR",31,1110337,5006762860.5199995,3370997625.25,RRI_sports,0
2025-08-28,1268729091.54,25,"ABA,ABE,ADV,BET,BLU,BWI,DAY,EDG,ELD,ENT,FOX,GAM,GAR,GEE,HOM,INT,MAS,PAR,QUI,REY,RUB,SAH,SPO,TIT,WOR",30,1078295,4555390417.86,3286557776.3199997,RRI_sports,0
2025-08-29,771937722.0800002,25,"ABA,ABE,ADV,BET,BLU,BWI,DAY,EDG,ELD,ENT,FOX,GAM,GAR,GEE,HOM,INT,MAS,PAR,QUI,REY,RUB,SAH,SPO,TIT,WOR",30,1004080,4123201158.37,3351094987.29,RRI_sports,0
2025-08-30,4279499381.9199996,24,"ABA,ABE,ADV,BET,BLU,BWI,DAY,EDG,ELD,ENT,FOX,GAM,GAR,HOM,INT,MAS,PAR,QUI,REY,RUB,SAH,SPO,TIT,WOR",29,2753405,11514300817.54,7234589015.619999,RRI_sports,0
2025-08-31,2897723132.9599996,18,"ABE,ADV,BET,BLU,BWI,DAY,ELD,ENT,FOX,GAM,GAR,INT,PAR,QUI,REY,RUB,SAH,SPO",23,2088903,9021653201.18,6123581702.219999,RRI_other,0
2025-09-01,200346291.7899999,24,"ABA,ABE,ADV,BET,BLU,BWI,DAY,EDG,ELD,ENT,FOX,GAM,GAR,HOM,INT,MAS,PAR,QUI,REY,RUB,SAH,SPO,TIT,WOR",31,655396,2472617397.84,2272059564.09,RRI_sports,0
2025-09-02,-121755418.69000001,25,"ABA,ABE,ADV,BET,BLU,BWI,DAY,EDG,ELD,ENT,FOX,GAM,GAR,GEE,HOM,INT,MAS,PAR,QUI,REY,RUB,SAH,SPO,TIT,WOR",33,878159,2967778499.7400002,3088020221.32,RRI_sports,0
2025-09-03,819463285.56,24,"ABA,ABE,ADV,BET,BLU,BWI,DAY,ELD,ENT,FOX,GAM,GAR,GEE,HOM,INT,MAS,PAR,QUI,REY,RUB,SAH,SPO,TIT,WOR",30,765297,3069142087.77,2241231162.8199997,RRI_sports,0
2025-09-04,1777907581.66,25,"ABA,ABE,ADV,BET,BLU,BWI,DAY,EDG,ELD,ENT,FOX,GAM,GAR,GEE,HOM,INT,MAS,PAR,QUI,REY,RUB,SAH,SPO,TIT,WOR",32,1079408,4406840808.74,2628902686.08,RRI_sports,0
2025-09-05,-133797333.31000009,25,"ABA,ABE,ADV,BET,BLU,BWI,DAY,EDG,ELD,ENT,FOX,GAM,GAR,GEE,HOM,INT,MAS,PAR,QUI,REY,RUB,SAH,SPO,TIT,WOR",32,1126854,4807098903.809999,4940604840.12,RRI_sports,0
2025-09-06,-1206827616.6399994,25,"ABA,ABE,ADV,BET,BLU,BWI,DAY,EDG,ELD,ENT,FOX,GAM,GAR,GEE,HOM,INT,MAS,PAR,QUI,REY,RUB,SAH,SPO,TIT,WOR",32,1324909,5842219824.51,7048984967.15,RRI_sports,0
2025-09-07,-2079634453.6399996,24,"ABA,ADV,BET,BLU,BWI,DAY,EDG,ELD,ENT,FOX,GAM,GAR,GEE,HOM,INT,MAS,PAR,QUI,REY,RUB,SAH,SPO,TIT,WOR",30,1127834,5082812823.990001,7162357315.13,RRI_sports,0
2025-09-08,-640218417.9600002,24,"ABA,ABE,ADV,BET,BLU,BWI,DAY,EDG,ELD,ENT,FOX,GAM,GAR,GEE,INT,MAS,PAR,QUI,REY,RUB,SAH,SPO,TIT,WOR",30,1251926,5591316516.599999,6231103389.56,RRI_sports,0
2025-09-09,-112990786.29999961,25,"ABA,ABE,ADV,BET,BLU,BWI,DAY,EDG,ELD,ENT,FOX,GAM,GAR,GEE,HOM,INT,MAS,PAR,QUI,REY,RUB,SAH,SPO,TIT,WOR",32,1365621,6051641853.500001,6161708061.909999,RRI_sports,0
2025-09-10,688564742.3900001,25,"ABA,ABE,ADV,BET,BLU,BWI,DAY,EDG,ELD,ENT,FOX,GAM,GAR,GEE,HOM,INT,MAS,PAR,QUI,REY,RUB,SAH,SPO,TIT,WOR",31,901295,4258151813.9,3569482905.58,RRI_sports,0
2025-09-11,556404795.9100002,24,"ABA,ABE,ADV,BET,BLU,BWI,DAY,EDG,ELD,ENT,FOX,GAM,GAR,HOM,INT,MAS,PAR,QUI,REY,RUB,SAH,SPO,TIT,WOR",30,725602,3018430675.38,2459383816.47,RRI_sports,0
2025-09-12,1509919323.2000005,25,"ABA,ABE,ADV,BET,BLU,BWI,DAY,EDG,ELD,ENT,FOX,GAM,GAR,GEE,HOM,INT,MAS,PAR,QUI,REY,RUB,SAH,SPO,TIT,WOR",31,1228644,4949335943.53,3439196370.3299994,RRI_sports,0
2025-09-13,3763947790.9599996,25,"ABA,ABE,ADV,BET,BLU,BWI,DAY,EDG,ELD,ENT,FOX,GAM,GAR,GEE,HOM,INT,MAS,PAR,QUI,REY,RUB,SAH,SPO,TIT,WOR",31,3333231,12896686139.000002,9130296284.07,RRI_sports,0
2025-09-14,-341822904.39999795,25,"ABA,ABE,ADV,BET,BLU,BWI,DAY,EDG,ELD,ENT,FOX,GAM,GAR,GEE,HOM,INT,MAS,PAR,QUI,REY,RUB,SAH,SPO,TIT,WOR",31,2292952,11058179414.430002,11399215432.429998,RRI_sports,0
2025-09-15,804573225.5599996,24,"ABA,ABE,ADV,BET,BLU,BWI,DAY,EDG,ELD,ENT,FOX,GAM,GAR,HOM,INT,MAS,PAR,QUI,REY,RUB,SAH,SPO,TIT,WOR",30,969313,3868236169.87,3063424861.31,RRI_sports,0
2025-09-16,2416422864.61,25,"ABA,ABE,ADV,BET,BLU,BWI,DAY,EDG,ELD,ENT,FOX,GAM,GAR,GEE,HOM,INT,MAS,PAR,QUI,REY,RUB,SAH,SPO,TIT,WOR",31,1758774,7767793102.059999,5351352737.450001,RRI_sports,0
2025-09-17,-1632960808.1400006,24,"ABA,ABE,ADV,BET,BLU,DAY,EDG,ELD,ENT,FOX,GAM,GAR,GEE,HOM,INT,MAS,PAR,QUI,REY,RUB,SAH,SPO,TIT,WOR",34,1812553,8992266321.78,10625190139.480001,RRI_sports,0
2025-09-18,-5947343412.510001,24,"ABA,ADV,BET,BLU,BWI,DAY,EDG,ELD,ENT,FOX,GAM,GAR,GEE,HOM,INT,MAS,PAR,QUI,REY,RUB,SAH,SPO,TIT,WOR",29,1669218,7914014838.47,13861272821.980001,RRI_sports,0
2025-09-19,-1308735051.3799996,25,"ABA,ABE,ADV,BET,BLU,BWI,DAY,EDG,ELD,ENT,FOX,GAM,GAR,GEE,HOM,INT,MAS,PAR,QUI,REY,RUB,SAH,SPO,TIT,WOR",31,1415682,6258384080.09,7567054333.47,RRI_sports,0
2025-09-20,-2109392377.880001,25,"ABA,ABE,ADV,BET,BLU,BWI,DAY,EDG,ELD,ENT,FOX,GAM,GAR,GEE,HOM,INT,MAS,PAR,QUI,REY,RUB,SAH,SPO,TIT,WOR",31,3150311,13605972732.789999,15715347586.15,RRI_sports,0
2025-09-21,3085040829.83,25,"ABA,ADV,BET,BLU,BWI,DAY,EDG,ELD,ENT,FOX,GAM,GAR,GEE,HOM,INT,KIN,MAS,PAR,QUI,REY,RUB,SAH,SPO,TIT,WOR",31,2600168,12158074190.44,9072932102.42,RRI_sports,0
2025-09-22,1333740862.07,25,"ABA,ABE,ADV,BET,BLU,BWI,DAY,EDG,ELD,ENT,FOX,GAM,GAR,GEE,HOM,INT,KIN,MAS,PAR,QUI,REY,RUB,SPO,TIT,WOR",32,1230790,6505331258.42,5171543734.349999,RRI_sports,0
2025-09-23,793365073.1599996,24,"ABA,ABE,ADV,BET,BLU,BWI,DAY,EDG,ELD,ENT,FOX,GAM,GAR,HOM,INT,KIN,MAS,PAR,QUI,REY,RUB,SPO,TIT,WOR",31,1514552,7265237869.78,6467774379.62,RRI_sports,0
2025-09-24,2551624254.07,24,"ABA,ADV,BET,BLU,BWI,DAY,EDG,ELD,ENT,FOX,GAM,GAR,GEE,HOM,INT,KIN,MAS,PAR,QUI,REY,RUB,SPO,TIT,WOR",29,1757990,8015317350.700001,5462772472.63,RRI_sports,0
2025-09-25,1147241265.7200005,24,"ABA,ABE,ADV,BET,BLU,BWI,DAY,EDG,ELD,ENT,GAM,GAR,GEE,HOM,INT,KIN,MAS,PAR,QUI,REY,RUB,SPO,TIT,WOR",31,1351179,5719767080.200001,4572230376.9800005,RRI_sports,0
2025-09-26,-1990119004.6200001,24,"ABA,ABE,ADV,BET,BLU,BWI,DAY,EDG,ELD,ENT,GAM,GAR,GEE,HOM,INT,KIN,MAS,PAR,QUI,REY,RUB,SPO,TIT,WOR",30,1337628,6704178881.650001,8694215546.269999,RRI_sports,0
2025-09-27,4207368948.1499996,23,"ABA,ADV,BET,BLU,BWI,DAY,EDG,ELD,ENT,GAM,GAR,GEE,HOM,INT,KIN,MAS,PAR,QUI,REY,RUB,SPO,TIT,WOR",28,3270886,14319655427.18,10104808079.03,RRI_sports,0
2025-09-28,718141911.9300007,23,"ABA,ADV,BET,BLU,BWI,DAY,EDG,ELD,ENT,GAM,GAR,GEE,HOM,INT,KIN,MAS,PAR,QUI,REY,RUB,SPO,TIT,WOR",28,2236152,9781831236.660002,9063648179.73,RRI_sports,0
2025-09-29,-791891054.0999995,24,"ABA,ABE,ADV,BET,BLU,BWI,DAY,EDG,ELD,ENT,GAM,GAR,GEE,HOM,INT,KIN,MAS,PAR,QUI,REY,RUB,SPO,TIT,WOR",30,1066716,4514914874.72,5306712907.82,RRI_sports,0
2025-09-30,409021586.80000025,24,"ABA,ABE,ADV,BET,BLU,BWI,DAY,EDG,ELD,ENT,GAM,GAR,GEE,HOM,INT,KIN,MAS,PAR,QUI,REY,RUB,SPO,TIT,WOR",30,1836389,8416206912.21,8006665250.4,RRI_sports,0
2025-10-01,1541387697.9199994,23,"ABA,ABE,ADV,BET,BLU,BWI,DAY,EDG,ELD,ENT,GAM,GAR,GEE,HOM,INT,KIN,MAS,PAR,QUI,REY,RUB,SPO,TIT",42,2063080,9865300735.82,8323798209.58,RRI_other,0
2025-10-02,737878355.2000009,24,"ABA,ABE,ADV,BET,BLU,BWI,DAY,EDG,ELD,ENT,GAM,GAR,GEE,HOM,INT,KIN,MAS,PAR,QUI,REY,RUB,SPO,TIT,WOR",30,1986819,9403856463.26,8665923276.98,RRI_sports,0
2025-10-03,2454340303.2799997,24,"ABA,ABE,ADV,BET,BLU,BWI,DAY,EDG,ELD,ENT,GAM,GAR,GEE,HOM,INT,KIN,MAS,PAR,QUI,REY,RUB,SPO,TIT,WOR",30,1682806,7072080505.059999,4616375590.05,RRI_sports,0
2025-10-04,-874236223.0200008,24,"ABA,ABE,ADV,BET,BLU,BWI,DAY,EDG,ELD,ENT,GAM,GAR,GEE,HOM,INT,KIN,MAS,PAR,QUI,REY,RUB,SPO,TIT,WOR",30,2980796,13208602649.05,14081836052.48,RRI_sports,0
2025-10-05,2888418181.9800005,23,"ABA,ABE,ADV,BET,BLU,BWI,DAY,EDG,ELD,ENT,GAM,GAR,HOM,INT,KIN,MAS,PAR,QUI,REY,RUB,SPO,TIT,WOR",31,2964416,14537361090.070002,11648883778.09,RRI_other,0
2025-10-06,-12407650.650000162,22,"ABA,ABE,ADV,BET,BWI,DAY,EDG,ELD,ENT,GAM,GAR,HOM,INT,KIN,MAS,PAR,QUI,REY,RUB,SPO,TIT,WOR",30,865864,3527716359.17,3540086527.82,RRI_sports,0
2025-10-07,638825682.9900001,22,"ABA,ABE,ADV,BET,BLU,BWI,DAY,EDG,ELD,ENT,GAM,GAR,INT,KIN,MAS,PAR,QUI,REY,RUB,SPO,TIT,WOR",29,1059421,4185187122.2700005,3545909369.2799997,RRI_sports,0
2025-10-08,1765939205.1300004,23,"ABA,ADV,BET,BLU,BWI,DAY,EDG,ELD,ENT,GAM,GAR,GEE,HOM,INT,KIN,MAS,PAR,QUI,REY,RUB,SPO,TIT,WOR",29,1275114,5326020799.460001,3559850182.41,RRI_sports,0
2025-10-09,504839726.44999975,23,"ABA,ABE,ADV,BET,BLU,BWI,DAY,EDG,ELD,ENT,GAM,GAR,GEE,INT,KIN,MAS,PAR,QUI,REY,RUB,SPO,TIT,WOR",30,1217186,5086307067.539999,4581246148.09,RRI_sports,0
2025-10-10,2339881594.7900004,24,"ABA,ABE,ADV,BET,BLU,BWI,DAY,EDG,ELD,ENT,GAM,GAR,GEE,HOM,INT,KIN,MAS,PAR,QUI,REY,RUB,SPO,TIT,WOR",30,1494867,7117194691.24,4777222592.45,RRI_sports,0
2025-10-11,2486254224.21,24,"ABA,ABE,ADV,BET,BLU,BWI,DAY,EDG,ELD,ENT,GAM,GAR,GEE,HOM,INT,KIN,MAS,PAR,QUI,REY,RUB,SPO,TIT,WOR",30,1409345,6597912444.64,4111458414.6800003,RRI_sports,0
2025-10-12,858532361.61,24,"ABA,ABE,ADV,BET,BLU,BWI,DAY,EDG,ELD,ENT,GAM,GAR,GEE,HOM,INT,KIN,MAS,PAR,QUI,REY,RUB,SPO,TIT,WOR",31,1397485,5977083130.56,5118472309.190001,RRI_sports,0
2025-10-13,2937135564.7100005,24,"ABA,ABE,ADV,BET,BLU,BWI,DAY,EDG,ELD,ENT,GAM,GAR,GEE,HOM,INT,KIN,MAS,PAR,QUI,REY,RUB,SPO,TIT,WOR",35,1227343,5435028899.740001,2497823094.0299997,RRI_sports,0
2025-10-14,1267750931.3,24,"ABA,ABE,ADV,BET,BLU,BWI,DAY,EDG,ELD,ENT,GAM,GAR,GEE,HOM,INT,KIN,MAS,PAR,QUI,REY,RUB,SPO,TIT,WOR",36,1174056,4843106217.059999,3575243668.57,RRI_other,0
2025-10-15,610085192.84,24,"ABA,ABE,ADV,BET,BLU,BWI,DAY,EDG,ELD,ENT,GAM,GAR,GEE,HOM,INT,KIN,MAS,PAR,QUI,REY,RUB,SPO,TIT,WOR",32,763297,2799548674.07,2189271116.23,RRI_sports,0
2025-10-16,802811077.7700002,23,"ABA,ABE,ADV,BET,BLU,BWI,DAY,EDG,ELD,ENT,GAM,GAR,GEE,INT,KIN,MAS,PAR,QUI,REY,RUB,SPO,TIT,WOR",31,807047,3184809716.51,2381863751.74,RRI_sports,0
2025-10-17,1811660876.36,23,"ABA,ABE,ADV,BET,BLU,BWI,DAY,EDG,ELD,ENT,GAM,GAR,GEE,HOM,INT,KIN,MAS,PAR,QUI,REY,RUB,SPO,TIT",30,1651376,6221361879.46,4409660611.1,RRI_sports,0
2025-10-18,336886763.11999893,24,"ABA,ABE,ADV,BET,BLU,BWI,DAY,EDG,ELD,ENT,GAM,GAR,GEE,HOM,INT,KIN,MAS,PAR,QUI,REY,RUB,SPO,TIT,WOR",31,3428990,14014729014.09,13677802865.970001,RRI_sports,0
2025-10-19,696485196.4300005,24,"ABA,ABE,ADV,BET,BLU,BWI,DAY,EDG,ELD,ENT,GAM,GAR,GEE,HOM,INT,KIN,MAS,PAR,QUI,REY,RUB,SPO,TIT,WOR",31,2519607,11477665548.0,10781132945.57,RRI_sports,0
2025-10-20,540300619.3999999,24,"ABA,ABE,ADV,BET,BLU,BWI,DAY,EDG,ELD,ENT,GAM,GAR,GEE,HOM,INT,KIN,MAS,PAR,QUI,REY,RUB,SPO,TIT,WOR",31,1135631,4495916971.72,3955573157.32,RRI_sports,0
2025-10-21,-11994343007.369999,24,"ABA,ABE,ADV,BET,BLU,BWI,DAY,EDG,ELD,ENT,GAM,GAR,GEE,HOM,INT,KIN,MAS,PAR,QUI,REY,RUB,SPO,TIT,WOR",31,1918286,8335718915.54,20329963721.910004,RRI_sports,0
2025-10-22,-11987020652.36,23,"ABA,ABE,ADV,BET,BLU,BWI,DAY,EDG,ELD,ENT,GAM,GAR,GEE,HOM,INT,KIN,MAS,PAR,QUI,REY,RUB,SPO,TIT",31,2025335,11083712775.789999,23070402217.65,RRI_other,0
2025-10-23,7148349059.93,24,"ABA,ABE,ADV,BET,BLU,BWI,DAY,EDG,ELD,ENT,GAM,GAR,GEE,HOM,INT,KIN,MAS,PAR,QUI,REY,RUB,SPO,TIT,WOR",32,2862298,13866667998.06,6715564450.129999,RRI_sports,0
2025-10-24,4987461925.96,24,"ABA,ABE,ADV,BET,BLU,BWI,DAY,EDG,ELD,ENT,GAM,GAR,GEE,HOM,INT,KIN,MAS,PAR,QUI,REY,RUB,SPO,TIT,WOR",31,1900303,9059151517.72,4071617325.76,RRI_sports,0
2025-10-25,5031713028.700002,24,"ABA,ABE,ADV,BET,BLU,BWI,DAY,EDG,ELD,ENT,GAM,GAR,GEE,HOM,HOT,INT,KIN,MAS,PAR,QUI,REY,RUB,SPO,TIT",31,3321399,14974764147.62,9942949530.960001,RRI_sports,0
2025-10-26,1447135141.415,24,"ABA,ABE,ADV,BET,BLU,BWI,DAY,EDG,ELD,ENT,GAM,GAR,GEE,HOM,HOT,INT,KIN,MAS,PAR,QUI,REY,RUB,SPO,TIT",31,2817954,12823230094.84,11375807981.324999,RRI_sports,0
2025-10-27,636084387.1359993,26,"ABA,ABE,ADV,AKE,BET,BLU,BWI,DAY,EDG,ELD,ENT,GAM,GAR,GEE,HOM,HOT,INT,KIN,MAS,PAR,QUI,REY,RUB,SPO,TIT,WOR",33,1252581,5489059097.61,4852940900.474,RRI_sports,0
2025-10-28,1283504685.1571,25,"ABA,ABE,ADV,AKE,BET,BLU,BWI,DAY,EDG,ELD,ENT,GAM,GAR,GEE,HOM,HOT,INT,KIN,MAS,PAR,QUI,REY,RUB,SPO,TIT",32,1607412,6588947492.04,5305412946.8829,RRI_sports,0
2025-10-29,4112258879.7787,23,"ABA,ADV,BET,BLU,BWI,DAY,EDG,ELD,ENT,GAM,GAR,GEE,HOM,HOT,INT,KIN,MAS,PAR,QUI,REY,RUB,SPO,TIT",30,2273317,10513759666.060001,6401434349.191299,RRI_sports,0
2025-10-30,236585028.89290002,23,"ABA,ABE,ADV,BET,BLU,BWI,DAY,EDG,ELD,ENT,GAM,GAR,GEE,HOT,INT,KIN,MAS,PAR,QUI,REY,RUB,SPO,TIT",29,1576208,7273137648.63,7036521110.6071,RRI_sports,0
2025-10-31,1835220448.7914002,18,"ABA,ADV,AKE,BWI,DAY,ELD,GAM,GAR,GEE,HOT,INT,MAS,PAR,QUI,REY,RUB,SPO,TIT",22,1198727,5382921995.85,3545559976.6186004,RRI_other,0
2025-11-01,4330479828.701001,18,"ABA,ADV,AKE,BWI,DAY,ELD,GAM,GAR,GEE,HOT,INT,MAS,PAR,QUI,REY,RUB,SPO,TIT",22,3493210,15687296955.390001,11356809926.689,RRI_other,0
2025-11-02,-1557985992.3291998,22,"ABA,ABE,ADV,AKE,BET,BWI,DAY,ELD,GAM,GAR,GEE,HOT,INT,KIN,MAS,PAR,QUI,REY,RUB,SPO,TIT,WOR",29,2573314,12463592859.79,14018617402.1192,RRI_sports,0
2025-11-03,558650074.0500002,25,"ABA,ABE,ADV,AKE,BET,BLU,BWI,DAY,EDG,ELD,GAM,GAR,GEE,HOM,HOT,INT,KIN,MAS,PAR,QUI,REY,RUB,SPO,TIT,WOR",39,1266532,5428318599.490001,4869503325.44,RRI_sports,0
2025-11-04,3554494750.26,25,"ABA,ABE,ADV,AKE,BET,BLU,BWI,DAY,EDG,ELD,GAM,GAR,GEE,HOM,HOT,INT,KIN,MAS,PAR,QUI,REY,RUB,SPO,TIT,WOR",36,2009180,8204623028.96,4650115263.7,RRI_sports,0
2025-11-05,5483791233.5476,26,"ABA,ABE,ADV,AKE,BET,BLU,BWI,DAY,EDG,ELD,ENT,GAM,GAR,GEE,HOM,HOT,INT,KIN,MAS,PAR,QUI,REY,RUB,SPO,TIT,WOR",35,2556751,13263702704.74,7779771178.242401,RRI_sports,0
2025-11-06,3862464301.6499996,26,"ABA,ABE,ADV,AKE,BET,BLU,BWI,DAY,EDG,ELD,ENT,GAM,GAR,GEE,HOM,HOT,INT,KIN,MAS,PAR,QUI,REY,RUB,SPO,TIT,WOR",35,1895688,8625272418.539999,4762632110.25,RRI_sports,0
2025-11-07,1826370240.2050002,26,"ABA,ABE,ADV,AKE,BET,BLU,BWI,DAY,EDG,ELD,ENT,GAM,GAR,GEE,HOM,HOT,INT,KIN,MAS,PAR,QUI,REY,RUB,SPO,TIT,WOR",33,1403185,5881089375.41,4054432637.565,RRI_sports,0
2025-11-08,8005019930.000001,26,"ABA,ABE,ADV,AKE,BET,BLU,BWI,DAY,EDG,ELD,ENT,GAM,GAR,GEE,HOM,HOT,INT,KIN,MAS,PAR,QUI,REY,RUB,SPO,TIT,WOR",33,3358745,14225190006.92,6219876449.280001,RRI_sports,0
2025-11-09,3411154864.77,26,"ABA,ABE,ADV,AKE,BET,BLU,BWI,DAY,EDG,ELD,ENT,GAM,GAR,GEE,HOM,HOT,INT,KIN,MAS,PAR,QUI,REY,RUB,SPO,TIT,WOR",35,2738789,11391139855.4,7979677175.99,RRI_sports,0
2025-11-10,-1081803963.78,26,"ABA,ABE,ADV,AKE,BET,BLU,BWI,DAY,EDG,ELD,ENT,GAM,GAR,GEE,HOM,HOT,INT,KIN,MAS,PAR,QUI,REY,RUB,SPO,TIT,WOR",35,898040,3522420280.32,4603872728.46,RRI_sports,0
2025-11-11,945201868.2850002,26,"ABA,ABE,ADV,AKE,BET,BLU,BWI,DAY,EDG,ELD,ENT,GAM,GAR,GEE,HOM,HOT,INT,KIN,MAS,PAR,QUI,REY,RUB,SPO,TIT,WOR",37,997112,3264860640.04,2319274644.6749997,RRI_sports,0
2025-11-12,604567009.8899999,25,"ABA,ABE,ADV,BET,BLU,BWI,DAY,EDG,ELD,ENT,GAM,GAR,GEE,HOM,HOT,INT,KIN,MAS,PAR,QUI,REY,RUB,SPO,TIT,WOR",32,1054310,3909757335.85,3304692066.32,RRI_sports,0
2025-11-13,1530836365.17,25,"ABA,ABE,ADV,BET,BLU,BWI,DAY,EDG,ELD,ENT,GAM,GAR,GEE,HOM,HOT,INT,KIN,MAS,PAR,QUI,REY,RUB,SPO,TIT,WOR",32,1078420,4179759287.21,2648398906.3999996,RRI_sports,0
2025-11-14,2588921545.7999997,23,"ABE,ADV,BET,BLU,BWI,DAY,EDG,ELD,ENT,GAM,GAR,GEE,HOM,HOT,INT,KIN,MAS,PAR,QUI,REY,RUB,SPO,TIT",30,1311271,5618392333.44,3028738057.0,RRI_sports,0
2025-11-15,1978217724.4499998,26,"ABA,ABE,ADV,AKE,BET,BLU,BWI,DAY,EDG,ELD,ENT,GAM,GAR,GEE,HOM,HOT,INT,KIN,MAS,PAR,QUI,REY,RUB,SPO,TIT,WOR",33,1414802,5824207002.2699995,3838453464.1800003,RRI_sports,0
2025-11-16,1113143387.965,24,"ABA,ABE,ADV,BET,BWI,DAY,EDG,ELD,ENT,GAM,GAR,GEE,HOM,HOT,INT,KIN,MAS,PAR,QUI,REY,RUB,SPO,TIT,WOR",30,1381964,5525633479.780001,4411772029.175,RRI_sports,0
2025-11-17,-594783778.3699999,24,"ABA,ABE,ADV,BET,BLU,BWI,DAY,ELD,ENT,GAM,GAR,GEE,HOM,HOT,INT,KIN,MAS,PAR,QUI,REY,RUB,SPO,TIT,WOR",39,942134,3469772951.4400005,4063752133.17,RRI_other,0
2025-11-18,-538824518.93,25,"ABA,ABE,ADV,BET,BLU,BWI,DAY,EDG,ELD,ENT,GAM,GAR,GEE,HOM,HOT,INT,KIN,MAS,PAR,QUI,REY,RUB,SPO,TIT,WOR",36,1151787,4749204978.32,5286810781.610001,RRI_sports,0
2025-11-19,1320653596.85,24,"ABA,ABE,ADV,BET,BLU,BWI,DAY,EDG,ELD,ENT,GAM,GAR,GEE,HOM,HOT,INT,KIN,MAS,PAR,QUI,REY,SPO,TIT,WOR",32,1159109,4769108688.09,3447596149.6,RRI_sports,0
2025-11-20,752389701.3700001,25,"ABA,ABE,ADV,BET,BLU,BWI,DAY,EDG,ELD,ENT,GAM,GAR,GEE,HOM,HOT,INT,KIN,MAS,PAR,QUI,REY,RUB,SPO,TIT,WOR",33,965485,3667995900.94,2914761652.93,RRI_sports,0
2025-11-21,1215959284.6146002,25,"ABA,ABE,ADV,BET,BLU,BWI,DAY,EDG,ELD,ENT,GAM,GAR,GEE,HOM,HOT,INT,KIN,MAS,PAR,QUI,REY,RUB,SPO,TIT,WOR",32,1250555,4658354501.08,3441530318.8254,RRI_sports,0
2025-11-22,3318006254.7725,25,"ABA,ABE,ADV,BET,BLU,BWI,DAY,EDG,ELD,ENT,GAM,GAR,GEE,HOM,HOT,INT,KIN,MAS,PAR,QUI,REY,RUB,SPO,TIT,WOR",33,3826537,15473404604.91,12154493850.4975,RRI_sports,0
2025-11-23,1015998427.1649997,25,"ABA,ABE,ADV,BET,BLU,BWI,DAY,EDG,ELD,ENT,GAM,GAR,GEE,HOM,HOT,INT,KIN,MAS,NAT,PAR,QUI,REY,RUB,SPO,TIT",33,2670774,11129637061.88,10112601636.074999,RRI_sports,0
2025-11-24,2459289631.26,26,"ABA,ABE,ADV,BET,BLU,BWI,DAY,EDG,ELD,ENT,GAM,GAR,GEE,HOM,HOT,INT,KIN,MAS,NAT,PAR,QUI,REY,RUB,SPO,TIT,WOR",33,1451218,5851845006.4800005,3391551024.58,RRI_sports,0
2025-11-25,3847231388.91,26,"ABA,ABE,ADV,BET,BLU,BWI,DAY,EDG,ELD,ENT,GAM,GAR,GEE,HOM,HOT,INT,KIN,MAS,NAT,PAR,QUI,REY,RUB,SPO,TIT,WOR",33,1913033,6815427853.829999,2967065730.28,RRI_sports,0
2025-11-26,2842266849.43,25,"ABA,ABE,ADV,BET,BLU,BWI,DAY,EDG,ELD,ENT,GAM,GAR,GEE,HOM,INT,KIN,MAS,NAT,PAR,QUI,REY,RUB,SPO,TIT,WOR",32,1962010,7445629094.7,4602148413.63,RRI_other,0
2025-11-27,-2621541983.4526005,19,"ABE,ADV,BET,BWI,DAY,EDG,ELD,ENT,GAM,GAR,GEE,HOT,INT,KIN,QUI,REY,RUB,SPO,TIT",25,2317374,8852983970.31,11473231164.6326,RRI_other,0
2025-11-28,-29515360.80110001,23,"ABA,ABE,ADV,BET,BLU,BWI,DAY,EDG,ELD,ENT,GAM,GAR,GEE,HOM,HOT,INT,KIN,MAS,QUI,REY,RUB,SPO,TIT",30,1693922,6285507167.330001,6313686003.0011,RRI_other,0
2025-11-29,72245294.50099903,25,"ABA,ABE,ADV,BET,BLU,BWI,DAY,EDG,ELD,ENT,GAM,GAR,GEE,HOM,HOT,INT,KIN,MAS,NAT,QUI,REY,RUB,SPO,TIT,WOR",34,3118416,13631262296.769999,13553931393.149,RRI_other,0
2025-11-30,2452660419.8230004,25,"ABA,ABE,ADV,BET,BLU,BWI,DAY,EDG,ELD,ENT,GAM,GAR,GEE,HOM,HOT,INT,KIN,MAS,NAT,QUI,REY,RUB,SPO,TIT,WOR",31,3401721,13927919879.359999,11473761167.447,RRI_sports,0
2025-12-01,1754803519.0800002,24,"ABA,ABE,ADV,BET,BLU,BWI,DAY,EDG,ELD,ENT,GAM,GAR,GEE,HOM,INT,KIN,MAS,NAT,QUI,REY,RUB,SPO,TIT,WOR",31,1492960,6259512223.740001,4503149620.14,RRI_other,0
2025-12-02,1421169604.05,24,"ABA,ABE,ADV,BET,BLU,BWI,DAY,EDG,ELD,ENT,GAM,GAR,GEE,HOM,INT,KIN,MAS,NAT,QUI,REY,RUB,SPO,TIT,WOR",31,1555485,4947802363.91,3524971325.34,RRI_other,0
2025-12-03,3013101334.7400002,23,"ABA,ABE,ADV,BET,BLU,BWI,DAY,EDG,ELD,ENT,GAM,GAR,GEE,HOM,INT,KIN,MAS,NAT,QUI,REY,RUB,SPO,TIT",30,2415518,8801865132.69,5787084587.27,RRI_other,0
2025-12-04,2309668690.680001,24,"ABA,ABE,ADV,BET,BLU,BWI,DAY,EDG,ELD,ENT,GAM,GAR,GEE,HOM,INT,KIN,MAS,NAT,QUI,REY,RUB,SPO,TIT,WOR",31,2314958,9125019305.48,6813626145.95,RRI_sports,0
2025-12-05,1850477553.89,24,"ABA,ABE,ADV,BET,BLU,BWI,DAY,EDG,ELD,ENT,GAM,GAR,GEE,HOM,INT,KIN,MAS,NAT,QUI,REY,RUB,SPO,TIT,WOR",31,1656844,6038363702.73,4186099252.78,RRI_other,0
2025-12-06,1728525152.6399992,24,"ABA,ABE,ADV,BET,BLU,BWI,DAY,EDG,ELD,ENT,GAM,GAR,GEE,HOM,INT,KIN,MAS,NAT,QUI,REY,RUB,SPO,TIT,WOR",31,3452824,13368587593.109999,11638256795.619999,RRI_other,0
2025-12-07,2542791999.0399995,6,"ADV,BET,BWI,INT,KIN,MAS",7,2029686,8994885312.91,6452080313.87,RRI_sports,0
